<?xml version="1.0" encoding="UTF-8"?>
<b:beans xmlns="http://www.springframework.org/schema/security"
	xmlns:b="http://www.springframework.org/schema/beans" xmlns:xsi="http://www.w3.org/2001/XMLSchema-instance"
	xsi:schemaLocation="http://www.springframework.org/schema/beans
http://www.springframework.org/schema/beans/spring-beans-3.0.xsd
http://www.springframework.org/schema/security
http://www.springframework.org/schema/security/spring-security-3.0.xsd">
	<http>
		<intercept-url pattern="/operador/**" access="ROLE_OPERADOR" />
		<intercept-url pattern="/admin/**" access="ROLE_ADMIN" />
		<form-login login-page="/login.jsp"
			always-use-default-target="false" default-target-url="/bemvindo.jsp"
			authentication-failure-url="/login.jsp?erro=1" />
		<logout />
		<remember-me />
	</http>
	<authentication-manager>
		<authentication-provider>
			<!-- <password-encoder hash="md5"/> -->
			<jdbc-user-service data-source-ref="meuDataSource"
				authorities-by-username-query="SELECT u.email, p.permissao
FROM usuario u, usuario_permissao p
WHERE u.cod_usuario = p.usuario
AND u.email = ?"
				users-by-username-query="SELECT email, senha, ativo
FROM usuario
WHERE email = ?" />
		</authentication-provider>
	</authentication-manager>
</b:beans>